{"cameraMode":{"drawMode":0,"name":"Shaded","section":"Shading Mode"},"sceneLighting":true,"audioPlay":false,"sceneViewState":{"m_AlwaysRefresh":false,"showFog":true,"showSkybox":true,"showFlares":true,"showImageEffects":true,"showParticleSystems":true,"showVisualEffectGraphs":true,"m_FxEnabled":true},"in2DMode":false,"pivot":{"x":12.595975875854493,"y":0.9369631409645081,"z":148.71983337402345},"rotation":{"x":-0.5164097547531128,"y":0.07226581871509552,"z":-0.043786533176898959,"w":-0.8521812558174133},"size":4.896264553070068,"orthographic":false}