{"cameraMode":{"drawMode":0,"name":"Shaded","section":"Shading Mode"},"sceneLighting":false,"audioPlay":false,"sceneViewState":{"m_AlwaysRefresh":false,"showFog":false,"showSkybox":false,"showFlares":false,"showImageEffects":false,"showParticleSystems":false,"showVisualEffectGraphs":true,"m_FxEnabled":true},"in2DMode":false,"pivot":{"x":9.31166934967041,"y":152.16880798339845,"z":3.985492706298828},"rotation":{"x":-0.00048521626740694046,"y":0.9984054565429688,"z":-0.055778659880161288,"w":-0.008685365319252015},"size":73.18924713134766,"orthographic":false}