{"cameraMode":{"drawMode":0,"name":"Shaded","section":"Shading Mode"},"sceneLighting":false,"audioPlay":false,"sceneViewState":{"m_AlwaysRefresh":false,"showFog":true,"showSkybox":false,"showFlares":true,"showImageEffects":true,"showParticleSystems":true,"showVisualEffectGraphs":true,"m_FxEnabled":true},"in2DMode":false,"pivot":{"x":-5.215823650360107,"y":-1.1043930053710938,"z":3.0539636611938478},"rotation":{"x":0.34101781249046328,"y":-0.03917492553591728,"z":0.014222382567822934,"w":0.9391491413116455},"size":7.187448024749756,"orthographic":false}