{"cameraMode":{"drawMode":0,"name":"Shaded","section":"Shading Mode"},"sceneLighting":false,"audioPlay":false,"sceneViewState":{"m_AlwaysRefresh":false,"showFog":true,"showSkybox":false,"showFlares":true,"showImageEffects":true,"showParticleSystems":true,"showVisualEffectGraphs":true,"m_FxEnabled":true},"in2DMode":false,"pivot":{"x":2.0615763664245607,"y":0.33391523361206057,"z":2.1272830963134767},"rotation":{"x":0.010265065357089043,"y":-0.9858652949333191,"z":0.15385158360004426,"w":0.06576342135667801},"size":6.71788215637207,"orthographic":false}